,0,1,2,3,4,5,6,7,8,9,10
0,3.9776405412788907,3.9776405412788907,4.04643593452092,4.137635940124888,4.206458044403736,4.340355998943704,4.285555822642496,4.300560133894702,4.252477238290792,4.403055445787444,4.436990516109903
1,3.86800261335572,3.86800261335572,3.9460996276792466,3.963706727580695,4.048278285967933,4.073514358376374,4.1826313003357445,4.2263417765516875,4.277390614576778,4.178506520181524,4.222066666337029
2,3.863461103300431,3.863461103300431,3.8993478014783194,3.9299419055426847,4.02680485658973,3.9786557683335113,4.109280416239093,4.198812512101121,4.245408730690693,4.228161086792485,4.2173903163465924
3,3.938043365427028,3.938043365427028,3.968646765495904,4.15195869778271,4.139652744323697,4.174506112511688,4.447992600830746,4.495354254178217,4.5564972615122405,4.380640219371526,4.37964836783799
4,4.177998222345409,4.177998222345409,4.249665851667165,4.334090736736495,4.352496249960959,4.386246884629922,4.605262954741748,4.463255894972908,4.517975259373012,4.580559500366995,4.650358626639567
5,4.04226322037785,4.04226322037785,4.11564511924433,4.1683369248618405,4.309700342416487,4.172393421224738,4.311377091439643,4.3466771466227705,4.259674332196003,4.535113212453645,4.437863588638066
6,4.003495673722003,4.003495673722003,4.0342307804048945,4.16533178087224,4.386053166991105,4.251012511782869,4.377046771953422,4.407733429743623,4.480190318648483,4.2476364162116935,4.345664765889262
7,3.9974101418378405,3.9974101418378405,4.075414392561478,4.100098961920009,4.216801514206556,4.182959829077958,4.245888060274922,4.283461967822869,4.236654537139243,4.340930588941555,4.23078422012149
8,4.222578144254669,4.222578144254669,4.282177677420435,4.415579505642957,4.330296741952877,4.459119823629415,4.4079281088755025,4.499391693752799,4.540758436388827,4.706806954969916,4.630055504378729
9,3.7383372873295313,3.7383372873295313,3.760817332879531,3.834470607576975,3.9321998782779533,4.064982021578225,4.008749920185338,4.070436591685521,4.058358255317958,4.14839464444276,4.114276666451811
10,4.1868352470489345,4.1868352470489345,4.273879011817815,4.360690090358403,4.314134103852188,4.271544516759465,4.435231088309774,4.355105958301978,4.532289385251002,4.6581844684223315,4.585615293718725
11,4.32664172108056,4.32664172108056,4.423515125648678,4.501061617419222,4.525180821470722,4.486496259414083,4.5033235558507725,4.615072101705492,4.733750274668484,4.7266953835544605,4.682705412400226
12,4.02926102748082,4.02926102748082,4.101009538273413,4.128034038429545,4.202696819669844,4.274431198838406,4.335372641810456,4.339844315639542,4.324929962033029,4.337994293132249,4.327332883733802
13,3.9478799880021604,3.9478799880021604,3.9949486303629627,4.0083069048279105,4.117045565276208,4.073154630813684,4.130912622489558,4.222059408107162,4.46260897663491,4.324877592551819,4.441937987025529
14,4.051830189126722,4.051830189126722,4.144569003945273,4.122589429510014,4.2519238567908575,4.170462208549102,4.215878000654502,4.243393832331916,4.4144819157899065,4.308514914008945,4.328161327990719
15,4.087925784126164,4.087925784126164,4.118826681596348,4.199779638020032,4.41811369388067,4.427398134915542,4.385352824240537,4.5870314723862045,4.368176242915487,4.633941583291995,4.6318832086133845
16,4.159565808345007,4.159565808345007,4.234043401181903,4.262631877061568,4.30072502354503,4.347557170909505,4.487641986375413,4.643290797766529,4.607490089302808,4.705903563485552,4.631694759904906
17,4.238744770575938,4.238744770575938,4.279335221818268,4.396731069346378,4.48381489398414,4.342721586103084,4.480448146051073,4.4715376337109305,4.697885801602644,4.539484193079384,4.485803926473119
18,4.035186189775043,4.035186189775043,4.071985583171941,4.2328708436366105,4.212442755475677,4.2441332984850755,4.269122359620734,4.365896976435394,4.509218031529265,4.568247791824873,4.482332350680244
19,4.114139477289571,4.114139477289571,4.113069944081687,4.354610063899112,4.468436157461432,4.341763542326029,4.308440047689999,4.441002421507984,4.50257906035058,4.4269732524730285,4.7457828890971046
20,4.0176060347946745,4.0176060347946745,4.087257174959531,4.144814085693831,4.2121932812097285,4.137455237876874,4.346002385584226,4.3453836537407975,4.479247025664994,4.445892440544641,4.41090371179317
21,3.965145122871154,3.965145122871154,4.036987811818966,4.02917541690971,4.136583109408662,4.10507100506989,4.187752792366756,4.263990701679649,4.330947670186738,4.393476192649931,4.49763573153717
22,3.9435060207459385,3.9435060207459385,4.000261603775114,4.043618937509627,4.1793249686867675,4.205392267236903,4.2414031771745675,4.2545894151030135,4.2904156465808265,4.397154349885677,4.370077455521287
23,4.0536361559151395,4.0536361559151395,4.131923929215165,4.230402169241321,4.323933124305194,4.296881044532758,4.3472725436380255,4.3929076347584814,4.4191318649043305,4.429556394148396,4.367918532008689
24,4.185657846040292,4.185657846040292,4.240328108134458,4.374436361331646,4.40110229376038,4.441240770137454,4.4704536891792745,4.627630414801546,4.548531014233703,4.606957838642996,4.610106471665912
25,3.936146910200388,3.936146910200388,3.967103110254327,4.036324352225061,4.0614750042517205,4.167476479664662,4.298271862123054,4.18871509192763,4.48111422831761,4.430575276404136,4.476505837537922
26,3.8671353127004844,3.8671353127004844,3.957289604614109,3.9851123250872487,4.094463262420664,4.026335636621884,4.17713775193037,4.228562559435139,4.058211320751043,4.16684640675468,4.149265694865849
27,4.189877657947418,4.189877657947418,4.253998256080885,4.255228635981081,4.381243366515459,4.396801100129544,4.352927597141199,4.5336806955307605,4.541156850315431,4.567186375123941,4.652474553991726
28,4.064316649682018,4.064316649682018,4.130986363814729,4.1604639781171615,4.269519035704145,4.128150701642333,4.325472552950723,4.48712535183101,4.476259085506981,4.511142213523009,4.557114784040596
29,3.8385511867081643,3.8385511867081643,3.923336692011612,3.988349077688027,3.992345989377225,4.0328484436709475,4.1340302385916505,4.208521329302104,4.222101043594876,4.401975260073587,4.29394629126523
30,3.9799719348971263,3.9799719348971263,4.000716553036488,4.127986947849571,4.143644219355301,4.166846859853365,4.162981551861947,4.278250941950126,4.36890770737597,4.338498249958567,4.239880604520381
31,4.1428163407344805,4.1428163407344805,4.1797100000887815,4.215427856287939,4.238917317232285,4.320679683861366,4.344220580487601,4.568322476966282,4.600504283201636,4.633071846380127,4.634862612334871
32,3.8549308931629214,3.8549308931629214,3.8836045831843604,4.083842666394996,4.038192208637065,4.0663741901015085,4.183762723392732,4.1601314655034685,4.376825875709463,4.36610198827968,4.3791566653034915
33,3.8947972069979695,3.8947972069979695,3.96933081646511,4.067454716574469,4.1194283483736145,4.287317019181704,4.219278244156735,4.459370719797812,4.356270478158868,4.4683952172967185,4.402840566575005
34,3.920442353979241,3.920442353979241,3.9898491895852697,4.167103158134189,4.14087741658048,4.153835969012875,4.216740177925695,4.163396068664141,4.197913456319245,4.282465497695913,4.166695054999839
35,4.271675729164784,4.271675729164784,4.325223235656494,4.357215264789279,4.377992769277174,4.535437325072338,4.49679421442953,4.623084494500175,4.900809239897472,4.796325905614374,4.703359307798856
36,3.8810559914803626,3.8810559914803626,4.031729142695751,4.08679800838994,4.196613921937571,4.3133411057001165,4.221634177830564,4.240827403966149,4.254366167617715,4.212263116996667,4.400790991157439
37,3.7216985907496523,3.7216985907496523,3.757653380726883,3.88677869032958,3.8554122650285,3.9490079886195746,4.05018018297371,4.078611940158546,4.026254812156369,4.063745978417112,4.2008457661989
38,4.120591194897528,4.120591194897528,4.1804800774921445,4.201776350209256,4.254614696863047,4.3012059642817135,4.35731972446719,4.409634741483922,4.47472300534327,4.500813356083331,4.5438580598598
39,3.9089477500896512,3.9089477500896512,3.961614184419229,4.083866188587696,4.111648359159555,4.108198289766336,4.25279344619479,4.35987066832915,4.452327559830239,4.505155150660676,4.449451106301927
40,4.025057799301933,4.025057799301933,4.127813298065408,4.073331340828482,4.154080722935517,4.2406473547859465,4.357728007252597,4.259563836860728,4.354804458566446,4.429218074459247,4.406605826804923
41,3.943089012787172,3.943089012787172,4.094225884309113,4.126213741078527,4.326623260466348,4.093539215796932,4.349044428138341,4.175058949474028,4.654853371056426,4.428874363356944,4.377091117569808
42,3.962384102604266,3.962384102604266,4.038290448997857,4.063325123535066,4.188496503121004,4.203880466162988,4.265862285729575,4.305870414417252,4.314287231079173,4.352615091441366,4.328902712658802
43,4.032418190688642,4.032418190688642,4.038566717314764,4.117268215966425,4.345135203726462,4.315732070066406,4.513951884251399,4.506654772857691,4.562663667227502,4.6282607447121595,4.522840378334048
44,3.833269594691281,3.833269594691281,3.873607746726515,3.9172214498277733,4.005917470239081,4.051753858130862,4.1555525597621115,4.200155896538918,4.338525918359245,4.246408681723578,4.273989583185884
45,4.23208979383819,4.23208979383819,4.295645945788904,4.309473972648692,4.430047129735428,4.502828377435709,4.5801165322755395,4.785575000760694,4.676487979991836,4.644286964910952,4.772295255465629
46,4.125355206398879,4.125355206398879,4.172645392369605,4.149949139517597,4.310601990153451,4.3649012416301884,4.501080402613251,4.360719858091526,4.438913329165438,4.551053527517019,4.514381569170352
47,4.039527739885408,4.039527739885408,4.121764603021343,4.216745092646709,4.417897820245026,4.203112054651228,4.166499887744543,4.424461400345022,4.378003820933828,4.516878012829944,4.502813688556192
48,3.839489944263767,3.839489944263767,3.8982646427622183,3.977477906764803,4.041631119837389,3.9136475866787563,4.082619201901178,4.016207089308327,4.089931867474799,4.029083710015153,4.181686812082301
49,4.084601185495904,4.084601185495904,4.1969819621578965,4.21249092865707,4.251860943782444,4.260039194545702,4.349962121067599,4.465115357568221,4.538318942879362,4.488170593348647,4.445346412633448
