,0,1,2,3,4,5,6,7,8,9
0,36.53098249435425,41.86362862586975,30.124353408813477,23.340036869049072,23.050701379776,22.474567890167236,20.540486097335815,20.814396142959595,22.335814714431763,19.916682481765747
1,49.3071403503418,59.639933586120605,33.48287487030029,24.41041660308838,23.653019428253174,21.50903010368347,21.469576597213745,20.859684705734253,22.2378089427948,20.965742826461792
2,50.671942472457886,74.99409246444702,34.61825704574585,23.69365167617798,22.342699766159058,22.701114654541016,21.59575057029724,20.87539505958557,20.458933353424072,20.62066102027893
3,56.04313540458679,62.967023611068726,32.23167872428894,24.409192085266113,21.52401328086853,22.999000310897827,21.280742406845093,19.632959604263306,21.548629999160767,20.114554166793823
4,60.47322940826416,45.343040227890015,31.65364646911621,24.023273706436157,22.902201652526855,21.851200819015503,20.846991062164307,20.244882822036743,22.581385135650635,21.32543706893921
5,62.72732472419739,66.0085072517395,34.304473638534546,22.795044898986816,22.6064453125,22.800798177719116,20.47372603416443,19.968007564544678,20.40620183944702,19.787927389144897
6,40.208003282547,67.35098719596863,31.529337406158447,28.132993698120117,21.691834211349487,21.361894845962524,20.44331932067871,19.50020980834961,20.70225715637207,19.216633558273315
7,49.767266035079956,47.418341398239136,34.914257764816284,23.290924787521362,22.421498775482178,20.71918487548828,20.913769006729126,20.47784447669983,20.747591495513916,19.572988271713257
8,71.9244396686554,65.155029296875,29.766166925430298,22.861868381500244,22.989912271499634,23.79232692718506,20.269587516784668,19.645423889160156,21.815953493118286,19.49175763130188
9,61.86943531036377,75.45674586296082,34.653109550476074,23.73557448387146,22.835612535476685,21.566529273986816,21.822903394699097,19.621493101119995,21.400350332260132,19.6005117893219
10,65.79892349243164,64.73484873771667,33.903300046920776,23.972621202468872,20.689878702163696,21.45091986656189,20.05337929725647,19.563798189163208,20.919628381729126,19.06738781929016
11,57.91785931587219,56.20440363883972,30.971094131469727,23.152294874191284,22.300755500793457,21.40105152130127,21.080543994903564,20.04891872406006,19.56294012069702,18.963305234909058
12,59.32133364677429,70.17639803886414,36.96918082237244,23.72598385810852,21.17551851272583,20.734226942062378,19.93566346168518,20.179594039916992,22.40578818321228,18.97961926460266
13,64.13385844230652,66.65280604362488,29.850252389907837,22.92338800430298,22.59417200088501,20.252755403518677,19.63777804374695,18.38750147819519,20.841761112213135,18.83689546585083
14,64.10837268829346,69.98687171936035,35.42435264587402,23.129339694976807,21.414724111557007,20.829753637313843,18.95325469970703,19.73534846305847,21.75888204574585,17.98830270767212
15,68.9964530467987,59.12027096748352,30.493457794189453,21.072099924087524,20.98038673400879,19.79283618927002,19.150115251541138,20.097429275512695,20.946725368499756,18.836509943008423
16,60.75490927696228,69.77062559127808,31.87458825111389,21.915624618530273,23.616744995117188,20.876381874084473,19.99884009361267,20.09116005897522,20.17870259284973,18.60896325111389
17,69.34904527664185,69.6825749874115,32.38046860694885,23.748008012771606,21.483030557632446,21.13407039642334,20.52223539352417,19.610440492630005,21.094545125961304,18.61339545249939
18,70.29840207099915,69.96057033538818,29.666414260864258,22.805615425109863,21.37615394592285,21.05220675468445,19.35229992866516,20.52148699760437,19.977598905563354,20.03693175315857
19,62.64938735961914,72.67513251304626,29.713441848754883,27.009266138076782,21.872426986694336,21.53732180595398,19.170551538467407,20.010372400283813,20.944844007492065,19.93056297302246
20,63.15634059906006,63.84087657928467,31.419829845428467,22.589718341827393,20.83120560646057,21.40471577644348,19.544291496276855,19.522353887557983,20.54129648208618,18.953397750854492
21,41.273680210113525,67.22618055343628,30.412272691726685,23.33359384536743,21.51736545562744,19.96060824394226,20.568003177642822,18.880985975265503,19.25162363052368,19.322086334228516
22,49.57384657859802,68.49884986877441,33.35034656524658,22.38958191871643,22.79583740234375,23.089300632476807,19.284587383270264,19.38855504989624,21.03010869026184,19.660271167755127
23,58.27763056755066,71.30634140968323,31.977447509765625,21.937580823898315,20.550301551818848,21.208982944488525,19.4434175491333,19.726297616958618,21.45537304878235,19.119029760360718
24,49.886985301971436,56.94915986061096,30.35809636116028,22.448139429092407,21.478768587112427,21.24587082862854,20.55476140975952,19.960986614227295,19.43245244026184,19.79740071296692
25,40.78341579437256,50.83573007583618,29.260738849639893,24.026536226272583,21.090150594711304,21.404541015625,20.92724347114563,20.975462913513184,19.07722020149231,19.94658589363098
26,42.18112063407898,49.81958365440369,27.39851427078247,23.497456789016724,20.575764417648315,21.460012674331665,21.41199040412903,19.911479234695435,20.496779680252075,19.059875965118408
27,61.98901605606079,49.00332975387573,26.50758719444275,27.881991147994995,21.015338897705078,23.892914533615112,19.776970148086548,19.86023998260498,20.676178455352783,19.161510467529297
28,54.18316721916199,62.73375201225281,31.365028381347656,23.228273630142212,21.185309410095215,21.544309377670288,20.689940452575684,21.070512056350708,19.866134643554688,20.862305402755737
29,52.95492649078369,50.902252197265625,30.524521589279175,22.433976888656616,20.508694410324097,20.259488344192505,19.272414445877075,20.033417224884033,20.21971583366394,18.540868043899536
30,57.689274311065674,57.3513400554657,30.084125757217407,22.74080181121826,20.504700899124146,21.261966228485107,20.06563091278076,19.382694959640503,18.68980073928833,17.49241542816162
31,51.91044330596924,51.49949765205383,28.729395866394043,21.581958055496216,20.84836173057556,19.00700068473816,18.508652925491333,19.04897403717041,19.00663924217224,18.06788468360901
32,56.23557114601135,57.35433340072632,30.359443426132202,22.304051876068115,20.846431255340576,20.12074112892151,19.14808440208435,19.189433574676514,18.762823343276978,17.756876468658447
33,57.805970668792725,63.67496871948242,29.789340496063232,22.21874189376831,20.26560354232788,20.4953031539917,19.024933338165283,18.194703340530396,18.27267026901245,17.664164781570435
34,58.956865310668945,58.83884263038635,28.74741220474243,21.61851692199707,20.65049457550049,19.783804416656494,18.5362708568573,19.632193088531494,17.95912003517151,18.417795181274414
35,51.15230751037598,56.42208981513977,27.884535551071167,20.269402742385864,21.183830499649048,19.698026418685913,18.545382976531982,17.51482367515564,17.411738395690918,17.053213596343994
36,58.66936206817627,55.60152530670166,28.74114990234375,20.525227069854736,21.529845476150513,19.690453052520752,18.579087734222412,19.517273664474487,19.87782907485962,18.215345859527588
37,42.307294607162476,50.99848031997681,31.22001838684082,21.160000801086426,19.72327208518982,19.93459439277649,19.076151371002197,17.865774869918823,17.65017294883728,17.30366015434265
38,55.55073833465576,56.81292963027954,27.4052791595459,21.682175159454346,20.379166841506958,19.18577527999878,18.225351333618164,17.70142698287964,17.589851140975952,16.95495343208313
39,53.78124380111694,60.49608135223389,24.734437942504883,24.259947299957275,19.980529308319092,19.414632081985474,18.183743953704834,17.69683337211609,17.341620922088623,17.154452323913574
40,41.1752188205719,59.388866662979126,30.191187381744385,24.911659479141235,19.382296085357666,19.574607133865356,18.579088926315308,18.860716104507446,17.742119312286377,17.838236808776855
41,54.2360622882843,51.11408567428589,25.532153844833374,20.58465886116028,19.318761348724365,18.203388690948486,17.99703025817871,17.32955288887024,16.932769298553467,16.771783351898193
42,40.49280118942261,42.226377725601196,28.21207594871521,20.893024921417236,19.644227266311646,18.740397453308105,18.296624898910522,17.422643899917603,17.33128571510315,17.03096318244934
43,47.19808340072632,59.639776945114136,27.827218055725098,20.090386152267456,21.75545883178711,18.73314642906189,18.337188482284546,17.581319570541382,16.818652391433716,16.625922679901123
44,57.939823150634766,46.84683394432068,26.663331747055054,20.190423250198364,19.55082941055298,18.64389443397522,17.783040046691895,17.146958589553833,17.42826008796692,16.38651704788208
45,41.475202322006226,64.7252733707428,29.024855852127075,20.555952548980713,19.325298309326172,19.465367317199707,18.28458070755005,17.85440731048584,16.947070121765137,16.927952766418457
46,52.629618644714355,56.91789793968201,25.720995664596558,20.353445053100586,18.796939849853516,18.061452865600586,17.740368604660034,17.016027212142944,17.4419002532959,17.011136293411255
47,47.72655653953552,54.801758766174316,26.51046133041382,20.188603401184082,19.20914101600647,18.098273038864136,18.4376323223114,17.4377658367157,16.621686458587646,16.64546251296997
48,53.139488697052,54.529566287994385,27.30957555770874,21.24467921257019,19.80006694793701,18.215823888778687,17.909693241119385,17.48298740386963,17.388243436813354,17.118841409683228
49,55.52320098876953,60.8183376789093,26.277954578399658,20.356531620025635,19.550872802734375,18.34321427345276,18.062987565994263,17.311327934265137,16.680500268936157,17.089588403701782
