,1,2,3,4,5,6,7,8,9,param
0,4.14206397842682,4.156023356222779,4.154160430806097,4.165053839242775,4.19470197780937,4.187672535677225,4.191479441334818,4.214393797992669,4.219626597506263,dummy
1,4.034737096352143,4.059463693931556,4.120130932083078,4.164687082096485,4.108767670649572,4.094585373962524,4.092029540135707,4.15732293384982,4.197061088093701,dummy
2,3.884933198799285,3.8974302625435104,3.9445625824301738,3.949292027090149,3.947814044911112,3.9602625406901906,3.994740382927964,4.015943278635665,4.049435303039946,dummy
3,3.969716340337499,3.998243296354318,4.033662152067354,3.978810122955664,4.046894630397052,4.009262820098357,4.00655237839015,4.025806385467331,4.071041771258699,dummy
4,4.166968988746533,4.220111054040897,4.211784311563105,4.228918180103354,4.257683393603651,4.3042980291175885,4.310032038822497,4.339528747727268,4.313604118030269,dummy
5,3.992465914619978,4.019197117316797,4.048934714299825,4.050361307114702,4.051393628125849,4.04334931609196,4.137181722929536,4.033040397991626,4.148993076254081,dummy
6,4.0978215062661905,4.116966309170891,4.153138791083386,4.18687665799243,4.117636321823199,4.15904421656239,4.19176736963121,4.190127150095654,4.227664029503312,dummy
7,4.026005648052784,4.0425709269944035,4.081124562655459,4.127137197035557,4.098274413818604,4.151547231378284,4.144676651252531,4.1145576379164135,4.1098808402338545,dummy
8,4.041479860510031,4.070744646308472,4.078327079149946,4.101723446898847,4.093539202625819,4.10047283612932,4.125823459573489,4.11939633335743,4.167967963632726,dummy
9,4.161859543311951,4.189727454516813,4.228001927961254,4.235931260048129,4.24790165830809,4.247217249892345,4.306667985772531,4.273724180057579,4.34519437842999,dummy
10,4.191617890260897,4.244047005037875,4.2824967784517405,4.2356521604934985,4.2959193962879985,4.298406166608496,4.304070999971313,4.331279556764651,4.3384653178511146,dummy
11,4.2181874389903316,4.259183819001232,4.284983931431504,4.240592710477752,4.341081618632999,4.389981439134764,4.3525714776224405,4.353172591608333,4.349117823712555,dummy
12,3.9408668874308628,3.9773514683295055,3.9750222258004375,4.001304903593916,4.05777950229642,4.061659948873577,3.9939371462109285,4.058608965794112,4.0321755160438215,dummy
13,4.014904148058366,4.053318780474284,4.032357744515558,4.056242904773136,4.068400288181094,4.1286318304647605,4.171048421710619,4.152182802580195,4.141960618401635,dummy
14,4.229965846327479,4.246673955058868,4.2851232832577395,4.242499035901264,4.334117099376142,4.308103169710396,4.3269015792380765,4.336257556181381,4.394087470446405,dummy
15,4.129767379081068,4.144067909684448,4.193807474735962,4.2147525946169,4.178929757373868,4.193855282163096,4.197858961765715,4.232009938898333,4.249295784044012,dummy
16,4.112108779106151,4.143932156521908,4.2122273022912875,4.215725031522811,4.196300827790281,4.207916131210893,4.199120132893729,4.266480152068507,4.299740790232344,dummy
17,4.2496240194719395,4.268998363662457,4.297585457621203,4.318901171382465,4.314517975856853,4.321486321405048,4.288828054450775,4.320302715672484,4.361661682287047,dummy
18,4.096729852818382,4.1169065192045435,4.207365882489921,4.171801398519333,4.170618321749119,4.188565140257315,4.137701214623938,4.11566704634404,4.172317495049291,dummy
19,4.07107175079588,4.098358913298726,4.147447353091391,4.130973181901626,4.1544223533094895,4.167823798229682,4.177001363549353,4.232346710147444,4.250513136053002,dummy
20,4.14206397842682,4.156023356222779,4.154160430806097,4.165053839242775,4.19470197780937,4.187672535677225,4.191479441334818,4.214393797992669,4.219626597506263,sinr
21,4.034737096352143,4.059463693931556,4.120130932083078,4.164687082096485,4.108767670649572,4.094585373962524,4.092029540135707,4.15732293384982,4.197061088093701,sinr
22,3.884933198799285,3.8974302625435104,3.9445625824301738,3.949292027090149,3.947814044911112,3.9602625406901906,3.994740382927964,4.015943278635665,4.049435303039946,sinr
23,3.969716340337499,3.998243296354318,4.033662152067354,3.978810122955664,4.046894630397052,4.009262820098357,4.00655237839015,4.025806385467331,4.071041771258699,sinr
24,4.166968988746533,4.220111054040897,4.211784311563105,4.228918180103354,4.257683393603651,4.3042980291175885,4.310032038822497,4.339528747727268,4.313604118030269,sinr
25,3.992465914619978,4.019197117316797,4.048934714299825,4.050361307114702,4.051393628125849,4.04334931609196,4.137181722929536,4.033040397991626,4.148993076254081,sinr
26,4.0978215062661905,4.116966309170891,4.153138791083386,4.18687665799243,4.117636321823199,4.15904421656239,4.19176736963121,4.190127150095654,4.227664029503312,sinr
27,4.026005648052784,4.0425709269944035,4.081124562655459,4.127137197035557,4.098274413818604,4.151547231378284,4.144676651252531,4.1145576379164135,4.1098808402338545,sinr
28,4.041479860510031,4.070744646308472,4.078327079149946,4.101723446898847,4.093539202625819,4.10047283612932,4.125823459573489,4.11939633335743,4.167967963632726,sinr
29,4.161859543311951,4.189727454516813,4.228001927961254,4.235931260048129,4.24790165830809,4.247217249892345,4.306667985772531,4.273724180057579,4.34519437842999,sinr
30,4.191617890260897,4.244047005037875,4.2824967784517405,4.2356521604934985,4.2959193962879985,4.298406166608496,4.304070999971313,4.331279556764651,4.3384653178511146,sinr
31,4.2181874389903316,4.259183819001232,4.284983931431504,4.240592710477752,4.341081618632999,4.389981439134764,4.3525714776224405,4.353172591608333,4.349117823712555,sinr
32,3.9408668874308628,3.9773514683295055,3.9750222258004375,4.001304903593916,4.05777950229642,4.061659948873577,3.9939371462109285,4.058608965794112,4.0321755160438215,sinr
33,4.014904148058366,4.053318780474284,4.032357744515558,4.056242904773136,4.068400288181094,4.1286318304647605,4.171048421710619,4.152182802580195,4.141960618401635,sinr
34,4.229965846327479,4.246673955058868,4.2851232832577395,4.242499035901264,4.334117099376142,4.308103169710396,4.3269015792380765,4.336257556181381,4.394087470446405,sinr
35,4.129767379081068,4.144067909684448,4.193807474735962,4.2147525946169,4.178929757373868,4.193855282163096,4.197858961765715,4.232009938898333,4.249295784044012,sinr
36,4.112108779106151,4.143932156521908,4.2122273022912875,4.215725031522811,4.196300827790281,4.207916131210893,4.199120132893729,4.266480152068507,4.299740790232344,sinr
37,4.2496240194719395,4.268998363662457,4.297585457621203,4.318901171382465,4.314517975856853,4.321486321405048,4.288828054450775,4.320302715672484,4.361661682287047,sinr
38,4.096729852818382,4.1169065192045435,4.207365882489921,4.171801398519333,4.170618321749119,4.188565140257315,4.137701214623938,4.11566704634404,4.172317495049291,sinr
39,4.07107175079588,4.098358913298726,4.147447353091391,4.130973181901626,4.1544223533094895,4.167823798229682,4.177001363549353,4.232346710147444,4.250513136053002,sinr
40,4.095083612549442,4.118677474974554,4.125115387392542,4.180548867344889,4.1331644997524055,4.170488428593213,4.167391085977486,4.199263628219939,4.240504874596158,rsrq
41,3.904343303192323,3.926184639807924,3.996138030069298,3.9968195334730985,3.969929715041618,4.001399410499757,3.9985725593265795,3.9948145153247823,4.046589105643775,rsrq
42,3.7667779184888506,3.7818371047956956,3.7963619642900635,3.818011177720049,3.8995929182005376,3.943973858091745,3.9059708917116,3.959444425899839,3.9900909512117217,rsrq
43,3.863566913477712,3.9076024493277632,3.8951718892821083,3.9457882245906757,3.9166981881230334,3.939561731329951,3.9129533478457907,3.9022026463177104,3.932778519671596,rsrq
44,3.9876364669275297,4.057155646123152,4.025956558650301,4.040018228317262,4.088792946633922,4.099026826648626,4.102141392727644,4.145020271852712,4.170449523178078,rsrq
45,3.8712117328620455,3.891483913086761,3.918856964666894,3.9254671905157466,3.961896205833077,3.9852423706457683,3.98067655240527,3.97549812826277,3.9908924458797825,rsrq
46,4.028981750774708,4.045416705286349,4.075129071502073,4.02871630267362,4.08957413711304,4.081189283838383,4.115290901872619,4.1208884160993495,4.16704332642173,rsrq
47,3.932977575261638,3.953805324175015,3.9880624694213305,4.000115165617681,4.0061019790132555,4.087028747656393,4.049351093471937,4.047070100592393,4.063808130747016,rsrq
48,3.9421358057683507,3.9604517143650932,4.004107708338439,3.987802671292904,4.025795250272277,4.005414854055927,4.1396983158891745,4.069151572938513,4.057174890940704,rsrq
49,4.009172939820034,4.04505209835474,4.055557707734935,4.0409539745838225,4.111277704828904,4.107721655886669,4.110587704290884,4.144119204620289,4.128989172442704,rsrq
50,4.019919150697737,4.048359382642648,4.087018632588704,4.06169146303179,4.102877658029901,4.088969208071164,4.100597347523295,4.150086029293178,4.1338646522989135,rsrq
51,4.04672535652812,4.092138150012205,4.085044956699474,4.095314634394384,4.163291757742517,4.204938286401606,4.2159313634328655,4.149895194737692,4.21258227025985,rsrq
52,3.8725596947769043,3.898739057551637,3.896242723353211,3.9074206284348207,3.926321262760891,3.9777068482372893,4.02973125562381,3.9966867378867095,4.045774425765013,rsrq
53,3.8672268823248914,3.875505237966476,4.007075940862948,3.997442781195001,3.988181080528505,3.969387871134663,4.000870557878261,3.9949236020300924,4.005982857223179,rsrq
54,4.133725635941143,4.133761923979588,4.146343858727599,4.172365642241423,4.139568527603282,4.188890894848953,4.2355298279244264,4.180265417559791,4.205349972788929,rsrq
55,3.9405072564085564,3.9807340490145102,3.9728355471421573,3.9784169810100316,4.052853964697917,4.0719083893917585,4.089669200188921,4.110605324130929,4.14003488124323,rsrq
56,4.052637440989531,4.080441682808913,4.107283926479163,4.0916794983782125,4.081879719429345,4.140519563353036,4.135459800835059,4.16456655566038,4.176734904508592,rsrq
57,4.042622037453724,4.067569716988524,4.071370208400199,4.1643613643255355,4.127690565742422,4.126784227799725,4.171349848139727,4.146853477358836,4.151864834664343,rsrq
58,3.936755935444005,3.984427182264696,3.9712257749436914,4.126469472669422,4.072515243300651,4.047154973707311,4.048325137840503,4.069174353929707,4.072057765430771,rsrq
59,3.9466203025270516,3.969964716457206,4.030765040379072,4.012672257455173,4.051755087956502,4.100532168810837,4.106023750444641,4.063146066401491,4.078802460666837,rsrq
60,4.6876414257161345,4.719538796426629,4.761117549685369,4.770508316721638,4.835252663230227,4.823922783820888,4.818680263944223,4.825072011535909,4.77215229709161,rsrp
61,4.607206563173975,4.606540806943052,4.675850557290203,4.675061866946433,4.677308669373137,4.783778888995356,4.700540409618242,4.735469946477127,4.772355478283873,rsrp
62,4.475902862757069,4.5183095259271555,4.58889094970868,4.551804593963284,4.567197600679347,4.5674140473261255,4.647760744195704,4.609260144683812,4.652021502553837,rsrp
63,4.611877163889133,4.6217224656886255,4.676864026207583,4.816693834173157,4.732402833827326,4.701484424683521,4.723067605596491,4.713003603717103,4.697181036306245,rsrp
64,4.715062947763052,4.7298332379708246,4.849377964224153,4.9034005386487465,4.829948022475597,4.876815907371841,4.932512140614004,4.82157547612493,4.845920955342151,rsrp
65,4.654196265345809,4.777118657223835,4.9085353060465104,4.895444489508977,4.795569729364153,4.825124588612413,4.850735836472199,4.80245266705257,4.821895603329012,rsrp
66,4.837794674897524,4.857474083329782,4.923867868686944,4.946488620401849,4.956212597420399,4.935707981133597,4.9632620304769075,4.9320966945885205,4.9700160750985845,rsrp
67,4.667369288208145,4.786303775189768,4.831097610086769,4.741121205382067,4.763040728166421,4.846131871727304,4.810855469227373,4.820269982783898,4.8041504651311815,rsrp
68,4.7457646962763365,4.743819485193136,4.897873490773766,4.914074503527804,4.881452506982838,4.835576733424722,4.928523799971911,4.906858999123309,4.880554209740472,rsrp
69,4.815438954382523,4.765931886872053,4.910064606041318,4.933236658476692,4.942945632092549,4.953275095744019,4.985405738827034,4.9967599472702355,4.923140798781356,rsrp
70,4.729289129092395,4.857393298071971,4.869102412664116,4.863823401947737,4.847803132846607,4.919320649335155,4.917261087494684,4.805763997911859,4.883025695354703,rsrp
71,4.782122989819397,4.805510193851511,4.949310052916657,4.873311157218219,4.915413529328546,4.90083616885088,4.8645826624767015,4.911764963909983,4.925400257146837,rsrp
72,4.508713742684787,4.529385087122564,4.599060016671513,4.577102407134487,4.588850568892015,4.608177853658543,4.60422276249335,4.635447454075239,4.682830033364975,rsrp
73,4.57860335073928,4.595963964676925,4.756994225090061,4.651328113388291,4.735066924646762,4.712026163470216,4.721064462787413,4.721801712769965,4.763467594616867,rsrp
74,4.785125396251512,4.783569587581846,4.854145965519188,4.8894691717419345,4.938586840990849,4.920185744771505,4.905413922338849,4.959530893914234,4.954468253140126,rsrp
75,4.789128285404306,4.813282218363425,4.906294136472293,4.992205554202389,4.953660120016223,4.990782671261131,4.935220172757258,4.946102277518026,5.032109261464671,rsrp
76,4.917834150250956,4.9620984334690785,5.038549762071721,5.00312674859991,5.022184953977025,4.977668089218843,5.014384214363092,4.989049371436377,5.001367707177719,rsrp
77,4.760248391453759,4.8717150585583004,4.883430887219834,4.879147195749325,4.8464350982100015,4.869540018153851,4.9770313973126665,5.0000405790248506,4.933830118598895,rsrp
78,4.752146242020388,4.861078562229278,4.9635318665483705,5.019184199158404,4.958415366287732,4.982909290565113,4.9710631545698805,5.027280226506652,5.011338702568041,rsrp
79,4.672083370364074,4.690997894373719,4.751668562924866,4.71427323310442,4.810922395513815,4.780093758767351,4.799329869852556,4.80992530723152,4.852239644505428,rsrp
80,5.520576265473861,5.560927105472057,5.552193046959457,5.578421188809586,5.587661447262264,5.582229781899239,5.5750980279069555,5.594715871279389,5.651395358443236,rssi
81,5.383790827463728,5.392983086570138,5.407619174291313,5.4511953563680775,5.457958711889564,5.486593294167862,5.514654602303366,5.500657811795643,5.583055381165834,rssi
82,5.1997966479273945,5.222428488347215,5.249818333938181,5.27675029044135,5.320383313953995,5.298928329393375,5.349817312035094,5.478777730468965,5.557301100196602,rssi
83,5.373021670694444,5.433706958623156,5.431988306003522,5.464778182214701,5.487327377720948,5.523224599523031,5.604337228680251,5.55610177881721,5.639311566680232,rssi
84,5.515328236857474,5.572733376741514,5.663768510723586,5.662583525270111,5.732676194013449,5.683732999291926,5.724051067368381,5.881706323710246,5.818805695993842,rssi
85,5.472465131776619,5.53183062855389,5.520452269910788,5.59277742654094,5.738281377132438,5.69640672214203,5.7320810733183345,5.783400381828392,5.77541866785726,rssi
86,5.563457910134311,5.60055918429689,5.613334899497498,5.665982896193787,5.7197923442472005,5.747828823962299,5.762162914308759,5.758773991467924,5.840560753143989,rssi
87,5.30599767114277,5.3163661154115145,5.359025728912961,5.422911307036632,5.462521036317589,5.420936149696017,5.495335076678249,5.4444960244508485,5.447245280877303,rssi
88,5.392017668809242,5.429265360011658,5.484724024426424,5.56760544213333,5.516288909358791,5.513716531783696,5.600847123350035,5.675279778428196,5.693201257635268,rssi
89,5.617913980444539,5.646266213910444,5.711948051174765,5.748907338280643,5.781072754931984,5.759581937920323,5.753791305896642,5.830322298878637,5.818302030220173,rssi
90,5.354660904180311,5.417081122104489,5.428232537478716,5.442206766164377,5.500487449695496,5.521003029173148,5.574753369551057,5.520051467526347,5.705611450493676,rssi
91,5.520896172763948,5.5566474150173315,5.6240298285011106,5.680863076796278,5.720785644249846,5.687795939905641,5.742960202491993,5.774608498977917,5.866043289453162,rssi
92,5.302177032124102,5.379821938469054,5.349885180100384,5.333722074155941,5.446528556395297,5.4723571158555995,5.453722598147944,5.456130921001834,5.468028801535166,rssi
93,5.4490206799000624,5.514060477950756,5.4909934448032915,5.552259703932049,5.588143533869037,5.578189173417855,5.594788623537944,5.6231436235997565,5.6508345031903255,rssi
94,5.595594396697208,5.639989213735273,5.656543876961106,5.690344988788585,5.72290415003665,5.74039337874836,5.785221004696523,5.7883536250391465,5.8165591389144655,rssi
95,5.4910757217764825,5.5109830216628035,5.602496121559546,5.634625135391623,5.632770305902818,5.726960598155281,5.74467056467242,5.748931014713212,5.750665025239174,rssi
96,5.638801819054779,5.68103371621749,5.705767152422311,5.727709896872219,5.721726352874375,5.769145001268733,5.823043777620921,5.849816972971384,5.803521903441433,rssi
97,5.50503048391654,5.571650799762332,5.568926634816516,5.625718499251165,5.607492649462407,5.6430406839480955,5.637774090454336,5.795328357146919,5.866154629450913,rssi
98,5.481865524883706,5.498980953311647,5.703055948026474,5.648663079616335,5.662177846840644,5.694189953501735,5.694366709780395,5.80728562650562,5.841294812335158,rssi
99,5.649370244211679,5.69728484241881,5.724233768028743,5.661846915200812,5.766600542609129,5.8744111800834355,5.941063778659069,5.977636406434643,5.974078952859856,rssi
