,0,1,2,3,4,5,6,7,8,9,10,11,12,13,14,15,16,17,18,19,20
0,78.53002977371216,98.2510359287262,74.42439031600952,66.17253470420837,63.64709138870239,61.60509657859802,61.29754281044006,60.124165296554565,66.03746891021729,63.98420739173889,59.08015465736389,59.22167181968689,58.98602509498596,59.53740215301514,59.619967460632324,58.562822341918945,58.72267293930054,58.20684266090393,59.71379518508911,58.72172689437866,58.82461452484131
1,78.89824557304382,87.35189366340637,74.18294143676758,64.9486780166626,61.69747018814087,61.52850818634033,63.41194295883179,59.511390924453735,61.11103296279907,59.71998572349548,59.354247093200684,59.00863218307495,59.152432441711426,59.83105254173279,58.785789251327515,59.38481307029724,63.447428464889526,58.66820406913757,59.36384391784668,59.47362732887268,58.99920058250427
2,74.21842384338379,89.8632390499115,71.67526769638062,64.96432328224182,65.00504302978516,63.74664235115051,66.47337746620178,59.674288511276245,59.64866828918457,59.78935480117798,60.63230276107788,60.41138553619385,59.731539487838745,59.15252947807312,58.77856397628784,57.942437410354614,59.533223390579224,57.60078692436218,58.08553409576416,60.06320285797119,57.736528635025024
3,74.85899043083191,85.7679808139801,71.96606469154358,64.58898496627808,62.13271880149841,60.838603019714355,61.849937200546265,60.3698353767395,60.57300329208374,59.977659463882446,58.36720037460327,58.563109397888184,59.901965618133545,57.711737871170044,58.819477558135986,57.35249876976013,59.30961012840271,57.703453540802,58.30972361564636,62.06686878204346,58.370933294296265
4,78.19804000854492,99.59649753570557,74.05961155891418,63.41895365715027,61.82832050323486,64.35278868675232,61.42533087730408,60.299160957336426,59.48150968551636,60.144065380096436,58.234540700912476,64.30278015136719,59.44117212295532,60.3222393989563,59.63664698600769,58.305973291397095,58.57801651954651,58.555399656295776,59.570663928985596,58.10866355895996,58.39764881134033
5,79.67418098449707,98.89890432357788,69.65371513366699,63.89275336265564,62.48590588569641,61.61653113365173,62.683109760284424,59.63128185272217,58.89741325378418,59.09816074371338,59.004701137542725,59.625033140182495,58.790473222732544,57.60605764389038,60.34801983833313,58.469675064086914,62.633758544921875,59.307185649871826,58.62061262130737,58.870649099349976,58.56203317642212
6,77.85462784767151,89.59046030044556,71.44593477249146,63.59868240356445,62.18477964401245,62.569682598114014,60.06326675415039,59.74735116958618,60.00873684883118,59.425638914108276,59.71754837036133,59.33719754219055,58.331403970718384,59.03435254096985,58.76227951049805,58.80422282218933,58.45123362541199,58.66051888465881,58.01688742637634,58.57255673408508,58.746710538864136
7,89.03067684173584,95.01482486724854,74.17286038398743,65.15778827667236,65.22319841384888,61.08288908004761,61.8063325881958,60.28370022773743,60.086092710494995,58.52103662490845,59.00801134109497,58.969598054885864,58.61647295951843,59.044492959976196,58.52371883392334,58.51887559890747,58.10329580307007,59.32267904281616,57.36295819282532,58.55247735977173,57.53640842437744
8,77.56565165519714,92.72760677337646,74.18920230865479,64.20077085494995,63.44412684440613,63.226897954940796,63.07113599777222,59.67880725860596,60.488264322280884,64.36717867851257,60.775341272354126,60.07824635505676,60.08136439323425,58.90177631378174,61.68332815170288,58.81719160079956,59.483216285705566,63.54226112365723,59.97729253768921,60.71417498588562,59.82116651535034
9,87.81019949913025,89.30820441246033,70.69323801994324,65.35702657699585,70.29372000694275,60.81095862388611,64.21528673171997,60.81842398643494,62.71797561645508,59.56580185890198,59.081960916519165,59.27395963668823,58.87142205238342,58.08158206939697,58.17923140525818,63.49642896652222,58.82241177558899,57.72078251838684,58.34285569190979,60.085960388183594,58.12660098075867
10,79.03688764572144,87.70429849624634,74.77346777915955,64.08512735366821,63.19598984718323,62.11088991165161,62.45407032966614,59.98855543136597,59.07638597488403,57.86181330680847,59.643184185028076,59.29590892791748,58.031312465667725,58.574544191360474,60.143635511398315,57.70793890953064,58.519049406051636,59.190003395080566,57.96907186508179,59.690799951553345,58.05413579940796
11,80.90732002258301,101.30106353759766,72.19165968894958,63.89500141143799,62.997557640075684,64.36774897575378,65.65205454826355,60.06983423233032,60.567631244659424,62.222076177597046,60.147292613983154,60.91056537628174,59.3523325920105,58.844467878341675,62.09752011299133,59.621575355529785,62.456563234329224,60.21302390098572,59.26391673088074,58.84973335266113,58.309226989746094
12,83.3966612815857,94.14078044891357,71.44715237617493,67.69955229759216,65.9217209815979,62.131720781326294,62.25455856323242,59.875168561935425,58.91047120094299,59.76541614532471,59.521923780441284,63.620840549468994,60.160630226135254,58.628108739852905,63.10047507286072,61.316020488739014,62.3591206073761,59.75927782058716,57.994996547698975,58.54079055786133,58.90280294418335
13,82.2303946018219,100.47201156616211,75.09513068199158,64.61523413658142,64.07219982147217,62.56468844413757,62.936219930648804,60.50506353378296,61.84252738952637,60.954171895980835,58.47653293609619,59.042866230010986,59.63414692878723,58.68705415725708,59.49112033843994,58.87416744232178,59.02938365936279,60.22297024726868,58.08563947677612,59.75132465362549,59.78493356704712
14,87.70551013946533,96.15403532981873,71.75337815284729,65.28947472572327,62.96158003807068,64.13594102859497,62.569496631622314,62.092227935791016,60.3897340297699,60.89588665962219,60.27853178977966,60.34763169288635,60.16432285308838,58.855249881744385,59.383814334869385,60.6672477722168,60.21214056015015,59.61875534057617,59.590922117233276,58.766175270080566,59.23056435585022
15,83.83330011367798,97.62920308113098,72.85629892349243,65.55295300483704,65.74948906898499,61.89927053451538,62.506322383880615,61.76262140274048,63.38895511627197,61.60152006149292,59.91476893424988,59.25596857070923,59.61561346054077,59.9266037940979,60.33343172073364,59.288723945617676,59.055575132369995,59.658751249313354,58.468687772750854,61.126813888549805,61.216782569885254
16,87.70138144493103,97.50447750091553,72.67272424697876,65.22697186470032,63.939173460006714,64.75373101234436,63.76090908050537,62.03349494934082,66.38250184059143,60.70962047576904,63.553985595703125,59.837252140045166,59.676668643951416,59.885624170303345,60.632646560668945,59.46890616416931,58.40578770637512,60.301934480667114,59.73854875564575,58.70158338546753,59.033830404281616
17,90.12465071678162,89.94374227523804,75.83324861526489,67.21198654174805,65.58022856712341,63.64917278289795,65.13789558410645,61.03295683860779,62.191657304763794,59.486145973205566,60.91429877281189,59.92305779457092,59.4658477306366,59.62367081642151,63.23568272590637,61.18414258956909,59.77191925048828,61.48767590522766,59.26064109802246,59.838231325149536,60.398681640625
18,81.39628148078918,92.50273942947388,74.47796964645386,66.43728613853455,65.00717329978943,62.52292513847351,64.54154682159424,61.328306913375854,63.254459857940674,59.47673463821411,60.46815252304077,61.168325424194336,60.378822326660156,58.95870900154114,63.75552415847778,58.95445442199707,59.65953063964844,58.59273386001587,60.23656749725342,60.21686577796936,59.232380628585815
19,75.11505937576294,95.75742602348328,73.03088116645813,70.84281039237976,67.12921738624573,63.08963203430176,64.15888786315918,62.08479189872742,61.789162397384644,59.94223070144653,61.25539422035217,60.798137187957764,61.47025108337402,59.52459645271301,62.8101224899292,59.61035776138306,59.96409034729004,59.48411250114441,59.52196764945984,59.95391893386841,60.96957516670227
20,81.3721559047699,92.65733122825623,73.85426068305969,65.16549849510193,62.59088182449341,62.94187355041504,62.12714123725891,60.51823806762695,60.47605752944946,59.7167444229126,61.012447357177734,60.475019216537476,60.820663928985596,59.351866483688354,59.65784525871277,61.851409673690796,60.99087715148926,60.516215801239014,59.84765362739563,60.083451986312866,60.22962141036987
21,88.34405374526978,94.29653286933899,73.07547068595886,66.1505663394928,63.08091354370117,62.670037508010864,63.5571014881134,62.23007678985596,62.40056824684143,63.8141655921936,60.56515455245972,60.6922128200531,62.8651967048645,59.57088494300842,59.839773178100586,59.185142278671265,63.79585003852844,58.87365460395813,58.34177589416504,59.33061718940735,59.0972204208374
22,79.26013803482056,95.92909669876099,75.01689910888672,66.13501310348511,65.65982174873352,64.15049314498901,63.551105260849,62.305705547332764,63.17394661903381,61.91199588775635,63.05132460594177,62.08897042274475,62.536157846450806,60.47489595413208,63.241703510284424,60.68661832809448,59.26247215270996,60.11427164077759,59.96538949012756,60.028666734695435,59.81474328041077
23,85.64362955093384,93.98633909225464,74.16484379768372,67.31867289543152,63.553003787994385,64.03178644180298,65.30404758453369,60.88261651992798,61.29034733772278,59.20073676109314,58.94176936149597,59.805450201034546,60.691413164138794,60.08724284172058,62.278504610061646,63.30795168876648,62.734827756881714,58.93990445137024,60.40996718406677,60.377410888671875,58.714388608932495
24,75.49777865409851,92.67485642433167,72.43297672271729,65.32704901695251,64.01609349250793,64.13945627212524,64.73550391197205,64.4087336063385,61.25211572647095,61.89574337005615,60.22759938240051,60.98785066604614,62.6100914478302,61.63756775856018,62.6001672744751,61.76558971405029,62.02276372909546,59.452428340911865,61.34048891067505,59.179438829422,60.294607162475586
25,73.05422830581665,91.7604923248291,73.60475659370422,63.967284202575684,63.636507987976074,63.4648699760437,60.60887098312378,60.57782769203186,60.19052290916443,59.65134835243225,63.257781744003296,60.42788004875183,59.03990817070007,58.84243369102478,58.418741941452026,59.99381422996521,58.77110266685486,59.52758169174194,58.112494468688965,58.605957984924316,59.039376974105835
26,72.38887619972229,95.72869277000427,75.423330783844,63.47444558143616,68.23968768119812,61.787508726119995,61.20671081542969,60.78999614715576,59.875141859054565,58.78475308418274,61.51699924468994,60.38457179069519,59.387343406677246,60.00640535354614,58.483482360839844,58.98827052116394,64.2815158367157,59.06804609298706,60.06793260574341,58.850576877593994,58.89226245880127
27,73.67639374732971,86.41403722763062,73.13611268997192,69.6380980014801,63.450525760650635,61.111000776290894,60.47749376296997,61.59054517745972,60.000635385513306,59.57356357574463,59.501559257507324,59.511964321136475,60.721904277801514,57.855578899383545,58.95377993583679,59.33774924278259,58.89062166213989,58.54146480560303,58.581053495407104,58.23137974739075,64.29541897773743
28,83.71312403678894,90.89220786094666,69.46214413642883,64.9656171798706,63.459611892700195,61.376182556152344,61.81126618385315,60.43147158622742,62.243024826049805,62.26006603240967,58.79136276245117,60.40917158126831,59.48276948928833,59.47126054763794,62.33076238632202,58.28457474708557,59.868265867233276,58.89795422554016,58.68393301963806,58.98535418510437,58.96876525878906
29,81.21495246887207,98.37326169013977,74.57075572013855,64.42948746681213,62.51781606674194,62.54728055000305,60.58789896965027,61.32744812965393,60.53803372383118,61.17556571960449,58.7032904624939,58.507145404815674,58.44065713882446,58.58352303504944,58.699076890945435,58.33333349227905,59.69717860221863,58.37459850311279,60.49838852882385,58.12617826461792,57.73779630661011
30,77.3711302280426,94.17167973518372,74.32540154457092,63.08532977104187,61.901538133621216,60.98195791244507,60.11792731285095,60.898823976516724,60.31447434425354,58.26224446296692,58.404353857040405,57.99287271499634,58.49580001831055,58.11883544921875,58.87524390220642,58.47319579124451,59.4988853931427,59.69249701499939,58.4814236164093,60.91396880149841,58.27410626411438
31,73.61141777038574,84.44194674491882,69.07501363754272,63.157745361328125,64.75074791908264,60.77659773826599,60.59986853599548,59.89988374710083,60.86211085319519,59.27918601036072,59.05561900138855,58.7640061378479,60.774230003356934,58.78030204772949,58.62250471115112,59.01676821708679,60.06221842765808,58.89836931228638,57.80694103240967,57.733320474624634,58.4048547744751
32,74.65903544425964,84.31535482406616,72.06709837913513,65.91345810890198,64.21170234680176,62.86808109283447,61.315757274627686,60.8185350894928,59.80727577209473,59.04740595817566,58.56544899940491,58.988698959350586,59.40431213378906,59.52398347854614,58.75791931152344,58.38298439979553,60.32628417015076,59.62109661102295,60.036646604537964,59.41433310508728,57.50365400314331
33,75.90830874443054,90.07601237297058,74.79392671585083,64.73686003684998,61.68741250038147,62.764415979385376,60.9918327331543,60.965104818344116,58.653897285461426,58.57869625091553,61.84888577461243,60.260756731033325,58.572566509246826,59.54080510139465,58.866124868392944,58.453855752944946,59.23607850074768,58.330764293670654,57.94078469276428,59.871973514556885,58.05894684791565
34,75.66557812690735,98.38688039779663,74.74542808532715,63.42340087890625,62.87648940086365,62.95490503311157,60.44343543052673,61.454214096069336,59.13774394989014,59.93675971031189,58.333341121673584,58.99435520172119,58.111321210861206,58.16027069091797,59.684441566467285,58.995102405548096,59.72787928581238,58.31327557563782,58.86616897583008,61.08005094528198,59.72215294837952
35,83.35316610336304,97.37402868270874,70.43969702720642,65.76674246788025,65.45750427246094,61.14509677886963,59.48010492324829,58.771042346954346,58.57551670074463,57.947360038757324,58.89050912857056,60.07829785346985,58.52090620994568,57.67143774032593,58.13767647743225,58.19374370574951,58.92616152763367,58.10386919975281,57.859546184539795,58.052130460739136,57.8441481590271
36,79.73349094390869,94.14742732048035,71.58238410949707,63.54912185668945,61.82168674468994,60.646039962768555,61.83622694015503,59.32084131240845,59.831525564193726,59.6998291015625,58.74044752120972,58.49134659767151,58.035197257995605,58.06287717819214,58.80944561958313,58.60664892196655,61.81531023979187,58.50860118865967,58.39368557929993,58.436065435409546,57.65911936759949
37,82.23383593559265,98.45956373214722,74.7952389717102,63.99370098114014,62.13467621803284,61.019333600997925,62.72839713096619,60.98041796684265,58.87909698486328,58.29943370819092,58.26519751548767,57.89093351364136,59.215919971466064,57.87469816207886,58.256996870040894,57.82199573516846,59.363009452819824,60.103708028793335,58.24062442779541,57.14397692680359,58.548930406570435
38,76.6679892539978,91.9731798171997,75.45785689353943,63.94147181510925,61.70665669441223,62.141761302948,59.90534472465515,59.967292070388794,62.1998233795166,60.56115221977234,58.14145469665527,57.70993947982788,58.8028450012207,57.958396673202515,58.39196419715881,57.95446443557739,59.23095512390137,60.73357796669006,57.621421813964844,57.64986777305603,57.7393913269043
39,78.09780597686768,89.61364555358887,72.97608876228333,68.8738009929657,62.47510266304016,60.18638586997986,61.55386710166931,60.18647050857544,60.0708544254303,59.14299511909485,58.10540199279785,57.98431038856506,58.09787917137146,58.55688810348511,60.538705348968506,57.397003173828125,59.375401973724365,58.67967867851257,57.46689558029175,59.43484830856323,57.96563935279846
40,80.17038941383362,89.69098782539368,76.40213704109192,64.58368492126465,62.77426743507385,60.60737347602844,59.80665135383606,60.11166858673096,59.25367498397827,59.7134051322937,59.83041501045227,58.88990569114685,58.25331735610962,57.59202241897583,58.128108978271484,57.45095181465149,58.31744146347046,58.787453174591064,57.55524134635925,57.34624147415161,57.462451219558716
41,76.35812735557556,100.53850889205933,71.3425362110138,65.2274489402771,63.855923652648926,61.084009885787964,60.28525924682617,59.58046889305115,59.654200077056885,58.61175084114075,58.80641770362854,60.11183404922485,58.39444947242737,58.01285433769226,60.0221107006073,58.356701374053955,59.78729867935181,57.702433347702026,57.38563656806946,58.080814361572266,59.13450360298157
42,74.63007164001465,89.27863383293152,73.63327074050903,66.16749668121338,62.302929639816284,62.14518141746521,60.92523002624512,59.74607181549072,59.60313415527344,58.5697979927063,58.39621448516846,58.39998126029968,58.55420994758606,58.4804208278656,58.4576621055603,58.563191413879395,59.64427042007446,59.262383460998535,57.835968255996704,57.596243143081665,57.76011395454407
43,80.01008772850037,90.05315470695496,70.36620831489563,64.40344309806824,63.91925883293152,62.377256870269775,61.161275148391724,62.72155976295471,58.62169599533081,60.34347224235535,58.65640568733215,59.09100580215454,58.70903253555298,58.65872240066528,59.55720639228821,58.37211632728577,61.1883659362793,58.82295250892639,59.71458125114441,57.89154863357544,59.25833249092102
44,81.3990478515625,90.4062089920044,72.31203007698059,62.81279754638672,62.77247977256775,60.90272116661072,61.67723298072815,60.99561619758606,59.522627115249634,58.512770652770996,58.461538553237915,58.61938214302063,58.442641735076904,57.65236282348633,58.281238317489624,58.58692288398743,59.362872838974,58.13117814064026,59.780250787734985,57.217968702316284,59.16356563568115
45,76.0529944896698,88.98435235023499,71.74724054336548,64.23808145523071,62.352848291397095,60.85826802253723,61.46201944351196,61.78028583526611,59.022688150405884,58.84396481513977,58.605993032455444,58.9623920917511,58.42199921607971,57.88141870498657,58.2074761390686,58.33858346939087,58.76337456703186,58.46825075149536,57.831971645355225,57.53372812271118,58.17513823509216
46,77.05992126464844,87.89561724662781,71.70483756065369,63.29590129852295,61.19297981262207,60.381216049194336,60.140082120895386,58.8485643863678,59.46857523918152,60.08015489578247,58.944671869277954,57.571390867233276,57.746349573135376,57.279024839401245,57.857956647872925,57.40867280960083,58.772669553756714,59.01428270339966,57.767526626586914,57.02263283729553,57.540412187576294
47,79.68626761436462,87.13363528251648,71.66975903511047,62.79305553436279,61.82645559310913,61.084137201309204,61.394606828689575,59.81017780303955,58.861679792404175,58.56932830810547,58.6245756149292,58.34838032722473,57.22852158546448,57.56484818458557,62.47237467765808,58.24337697029114,58.57363724708557,57.948482036590576,57.129297971725464,57.853787422180176,58.12311124801636
48,82.25862574577332,89.5415403842926,70.53626155853271,63.91588997840881,61.17632818222046,64.37694072723389,60.098551511764526,59.60396480560303,59.01824641227722,59.23194599151611,59.43645429611206,58.42581081390381,58.78536605834961,58.174216747283936,59.093098640441895,59.29688024520874,60.09542632102966,57.58007788658142,58.19905424118042,59.88513159751892,57.91441488265991
49,81.17082953453064,91.27866625785828,71.12680625915527,63.73541831970215,62.5334050655365,61.136624336242676,60.74995946884155,60.49834847450256,60.617682695388794,59.07884168624878,58.85469651222229,59.052557945251465,58.44148278236389,58.383044719696045,58.27723026275635,58.71411418914795,60.11609864234924,58.41087770462036,57.7097749710083,58.116840839385986,59.794596433639526
